I18NLDescTaxonomyBrandSearchTerm2,2Amp fusible,2 Amp fusible
I18NLDescTaxonomyBrandSearchTerm2,4 Amp fusible,4 A fusible
I18NLDescTaxonomyBrandSearchTerm2,500 V c.a. fusible,500 Vca fusible
I18NLDescTaxonomyBrandSearchTerm2,500 Volt fusible,500Volt fusible
I18NLDescTaxonomyBrandSearchTerm2,Fusible 24V ,Fusible 24 Volt
,,
I18NLDescTaxonomyBrandSearchTerm2,1 kiloohm thermistance,1k ohm thermistance
I18NLDescTaxonomyBrandSearchTerm2,100K Transformateur,100 ohm Transformateur
I18NLDescTaxonomyBrandSearchTerm2,12A Fusible,12 Amp Fusible
I18NLDescTaxonomyBrandSearchTerm2,10 a mcbs,10amp mcbs
I18NLDescTaxonomyBrandSearchTerm2,9A Contacteur,9 AMP Contacteur
I18NLDescTaxonomyBrandSearchTerm2,0.6W Resistances,0.6 W Resistances
I18NLDescTaxonomyBrandSearchTerm2,600 V relais,600 Volt relais
I18NLDescTaxonomyBrandSearchTerm2,630A relais,630 Amp relais
I18NLDescTaxonomyBrandSearchTerm2,Alimentation 120Watt,Alimentation 120 Watt
I18NLDescTaxonomyBrandSearchTerm2,85 Volt DC Alimentations,85 VDC Alimentations
,,
,,
I18NLDescTaxonomyBrandSearchTerm2,10pF Condensateur,10 pF Condensateur
I18NLDescTaxonomyBrandSearchTerm2,+1% Condensateur,1% Condensateur
I18NLDescTaxonomyBrandSearchTerm2,525 size Condensateurs,525 size Condensateurs
I18NLDescTaxonomyBrandSearchTerm2,10uf Condensateur,10 uF Condensateur
,,
,,
I18NLDescTaxonomyBrandSearchTerm2,85 Volt DC Alimentations,85 VDC Alimentations
I18NLDescTaxonomyBrandSearchTerm2,12 Volt Alimentations,12V Alimentations
I18NLDescTaxonomyBrandSearchTerm2,12 V dc Alimentations,12VDC Alimentations
I18NLDescTaxonomyBrandSearchTerm2,85 VDC Alimentations,85 Volt DC Alimentations
I18NLDescTaxonomyBrandSearchTerm2,12V Alimentations,12 Volt Alimentations
I18NLDescTaxonomyBrandSearchTerm2,12VDC Alimentations,12 V dc Alimentations
,,
I18NLDescTaxonomyBrandSearchTerm2,5 V c.c. Relais,5V c.c. Relais
I18NLDescTaxonomyBrandSearchTerm2,5V cc Relais,5 volt cc Relais
I18NLDescTaxonomyBrandSearchTerm2,5 Volt Relais,5V Relais
I18NLDescTaxonomyBrandSearchTerm2,2A Relais,2 Amp Relais
I18NLDescTaxonomyBrandSearchTerm2,5Amp Relais,5 A Relais
I18NLDescTaxonomyBrandSearchTerm2,3.5 &gt 5 Amp  Relais,3.5 &gt 5A  Relais
,,
I18NLDescTaxonomyBrandSearchTerm2,100? Resistance ,100 ? Resistance 
I18NLDescTaxonomyBrandSearchTerm2,0 Ohms Resistance,0 Ohms Resistance
I18NLDescTaxonomyBrandSearchTerm2,1k Ohms Resistance,1 kiloohm Resistance
I18NLDescTaxonomyBrandSearchTerm2,10 kohm Resistance,10kohm Resistance
