I18NLDescTaxonomyBrandSearchTerm2,24 v rele,24v rele
I18NLDescTaxonomyBrandSearchTerm2,24volt rele,24 volt rele
I18NLDescTaxonomyBrandSearchTerm2,24v dc rele,24vdc rele
I18NLDescTaxonomyBrandSearchTerm2,24 vac rele,24v ac rele
I18NLDescTaxonomyBrandSearchTerm2,12v rele,12 v rele
I18NLDescTaxonomyBrandSearchTerm2,4a fusible,4 a fusible
I18NLDescTaxonomyBrandSearchTerm2,4 amp fusible,4amp fusible
I18NLDescTaxonomyBrandSearchTerm2,500 ma fusible,500ma fusible
I18NLDescTaxonomyBrandSearchTerm2,100 nf condensador,100nf condensador
I18NLDescTaxonomyBrandSearchTerm2,10uf condensador,10 uf condensador
I18NLDescTaxonomyBrandSearchTerm2,24v fuente alimentacion,24 v fuente alimentacion
I18NLDescTaxonomyBrandSearchTerm2,24volt fuente alimentacion,24 volt fuente alimentacion
I18NLDescTaxonomyBrandSearchTerm2,24 v dc fuente alimentacion,24 vdc fuente alimentacion
I18NLDescTaxonomyBrandSearchTerm2,12vdc fuente alimentacion,12 vdc fuente alimentacion
I18NLDescTaxonomyBrandSearchTerm2,100nf 1206 condensador,100 nf 1206 condensador
I18NLDescTaxonomyBrandSearchTerm2,400v condensador,400 volt condensador
I18NLDescTaxonomyBrandSearchTerm2,100 w resistencia,100w resistencia
I18NLDescTaxonomyBrandSearchTerm2,100watt resistencia,100 watt resistencia
I18NLDescTaxonomyBrandSearchTerm2,1w resistencia,1 watt resistencia
I18NLDescTaxonomyBrandSearchTerm2,40 amp fusible,40a fusible
I18NLDescTaxonomyBrandSearchTerm2,40amp fusible,40 a fusible
