I18NLDescTaxonomyBrandSearchTerm2,24v netzteil,24 v netzteil
I18NLDescTaxonomyBrandSearchTerm2,24 volt netzteil,24volt netzteil
I18NLDescTaxonomyBrandSearchTerm2,24 v dc netzteil,24vdc netzteil
I18NLDescTaxonomyBrandSearchTerm2,12 v netzteil,12 volt netzteil
I18NLDescTaxonomyBrandSearchTerm2,12v netzteil,12volt netzteil
I18NLDescTaxonomyBrandSearchTerm2,12 v relais,12v relais
I18NLDescTaxonomyBrandSearchTerm2,12 volt relais,12 vdc relais 
I18NLDescTaxonomyBrandSearchTerm2,10 a sicherung ,10a sicherung 
I18NLDescTaxonomyBrandSearchTerm2,120 ohm widerstand,120ohm widerstand
I18NLDescTaxonomyBrandSearchTerm2,100w widerstand,100 w widerstand
I18NLDescTaxonomyBrandSearchTerm2,10watt widerstand,10 watt widerstand
I18NLDescTaxonomyBrandSearchTerm2,150 ohm widerstand,150ohm widerstand
I18NLDescTaxonomyBrandSearchTerm2,100nf kondensator,100 nf kondensator
I18NLDescTaxonomyBrandSearchTerm2,10pf kondensator,10 pf kondensator
I18NLDescTaxonomyBrandSearchTerm2,220nf kondensator,220 nf kondensator
I18NLDescTaxonomyBrandSearchTerm2,450v kondensator,450 v kondensator
I18NLDescTaxonomyBrandSearchTerm2,150 ohm widerstand,150ohm widerstand
I18NLDescTaxonomyBrandSearchTerm2,10ohm widerstand,10 ohm widerstand
I18NLDescTaxonomyBrandSearchTerm2,100 watt widerstand,100watt widerstand
I18NLDescTaxonomyBrandSearchTerm2,2A netzteil,2 a netzteil
I18NLDescTaxonomyBrandSearchTerm2,2 amp netzteil,2amp netzteil
I18NLDescTaxonomyBrandSearchTerm2,2a 24v netzteil,2 a 24 v netzteil
